Workbook
Name ValidFromDim: 'SCRUM Board'!$B$6:$D$21
Name ChartDates: 'Burn up Chart'!$A$11:$A$24
Name StoryDim: 'SCRUM Board'!$B$6:$I$21
Name ChartDates: 'Burn-up with smarter formulas'!$A$11:$A$24

Sheet SCRUM Board
C1: The table below shows the raw historical data - our user stories.
C2: Each time a story's state changes we add another line to represent the new state. | F2: highlighted yellow = late
C3: It's important we update the "Valid from" date to indicate when this change happened
C4: The ID and "Valid from" columns together ensure we have a simple way of tracking change history.
A6: Story ID | B6: User Story | C6: Title | D6: Valid from | E6: Estimate | F6: Is done? | G6: Work done | H6: Person Assigned | I6: Status
A7: K726 | B7: As a user, I want the chat responses to be relevant to my codebase. | C7: A RAG retrieval engine (must retrieve relevant code chunks to the user query from the input codebase)" | D7: 45940 | E7: 20 | F7: TRUE | G7: =E7*F7 -> 20 | I7: Complete
A8: K727 | B8: As a user, I want to be able to view the files (and lines of code) that the LLM is using to answer my query, so that I know it’s not hallucinating. | C8: Automatic AI-generated documentation for the codebase | D8: 45940 | E8: 30 | F8: FALSE | G8: =E8*F8 -> 0 | I8: Not Started
A9: K728 | F9: FALSE | G9: =E9*F9 -> 0 | I9: Not Started
A10: K729 | B10: As a user, I want to be able to view previous versions of my project, and also see new versions | C10: A way to reindex projects(if changes have been committed to it) while still maintaining a way to chat with older versions of the project (i.e., not discarding older indexed projects for the new one, but rather maintaining a version history) | D10: 45957 | E10: 10 | F10: FALSE | G10: =E10*F10 -> 0 | I10: Not Started
A11: K730 | F11: FALSE | G11: =E11*F11 -> 0 | I11: Not Started
A12: K731 | F12: FALSE | G12: =E12*F12 -> 0 | I12: Not Started
A13: K732 | B13: As a user, I want an intelligent, RAG-based AI to communicate with | C13: Connect frontend to backend RAG engine | D13: 45957 | F13: FALSE | G13: =E13*F13 -> 0 | I13: Not Started
A14: K733 | F14: FALSE | G14: =E14*F14 -> 0 | I14: Not Started
A15: K734 | B15: As a user, I want to be able to chat with the AI and ask questions about my project | C15: Implement a functioning Chat UI | D15: 45957 | F15: TRUE | G15: =E15*F15 -> 0 | I15: Complete
A16: K735 | B16: As a user, I want the program to generate Documentation about my project | C16: Implement a functioning Documentation Page | D16: 45957 | F16: TRUE | G16: =E16*F16 -> 0 | I16: Complete
A17: K736 | B17: As a new user, I want to upload my non-local codebase to start chatting with it. | C17: Upload codebase from: Github (Both Public & Private Repos) | D17: 45940 | E17: 15 | F17: FALSE | G17: =E17*F17 -> 0 | I17: Started
A18: K737 | B18: As a new user, I want to upload my local codebase to start chatting with it. | C18: Upload codebase from local folder | D18: 45940 | E18: 5 | F18: TRUE | G18: =E18*F18 -> 5 | I18: Complete
A19: K738 | B19: As a new user, I want a self-hosted instance so that I can use CodeCompass. | C19: Initialize project and deploy | D19: 45940 | E19: 1 | F19: FALSE | G19: =E19*F19 -> 0 | I19: Not Started
A20: K739 | B20: As a user, I want to see what code the AI is reading to make up its answers. | C20: A method to display retrieved relevant code snippets from the codebase | D20: 45957 | E20: 8 | F20: TRUE | G20: =E20*F20 -> 8 | I20: Complete
A21: K740 | B21: As a user, I want my home page to be pretty and intuitive. | C21: All codebases uploaded by the user will be displayed as icons on their home page | D21: 45957 | E21: 4 | F21: TRUE | G21: =E21*F21 -> 4 | I21: Complete

Sheet Burn up Chart
A1: This is the data for a simple burn-up chart. It is based on the raw historical data in the previous sheet.
A2: The important function is sumValid (cell B11 and also C11), defined in the script associated with this spreadsheet.
A3: This calculates the relevant data points for the given dates, based on the history of changed data.
A4: First param: Date for a chart's data point (on its x-axis). Any data that was valid on this date will summed.
A5: Second param: Table of historic data, including header row. It must have columns for the ID, the date it's valid from, and of course the data itself (e.g. the story size)
A6: Third param: The name of the column with the ID. As a data item changes over time the ID should stay the same.
A7: Fourth param: Name of the column with the date that the data is valid from.
A8: Fifth param: Name of the column with the data to be summed.
A10: Date | B10: Scope | C10: Work done
A11: 45944 | B11: =SUMVALID($A13, 'Burn up Chart'!$B$12, "Title", "Valid from", "Estimate") -> #NAME? | C11: =sumValid($A11, 'SCRUM Board'!$B$6:$G$21, "Story ID", "Valid from", "Work done") -> #NAME?
A12: 45945 | B12: =sumValid(B11, 'SCRU,M Board'!$B$6:$H$22, ["Valid from", "Estimate"]) -> #ERROR! | C12: =sumValid($A12, 'SCRUM Board'!$B$6:$G$21, "Story ID", "Valid from", "Work done") -> #NAME?
A13: 45946 | B13: =sumValid($A13, 'SCRUM Board'!$B$6:$G$21, "Story ID", "Valid from", "Estimate") -> #NAME? | C13: =sumValid($A13, 'SCRUM Board'!$B$6:$G$21, "Story ID", "Valid from", "Work done") -> #NAME?
A14: 45947 | B14: =sumValid($A14, 'SCRUM Board'!$B$6:$G$21, "Story ID", "Valid from", "Estimate") -> #NAME? | C14: =sumValid($A14, 'SCRUM Board'!$B$6:$G$21, "Story ID", "Valid from", "Work done") -> #NAME?
A15: 45948 | B15: =sumValid($A15, 'SCRUM Board'!$B$6:$G$21, "Story ID", "Valid from", "Estimate") -> #NAME? | C15: =sumValid($A15, 'SCRUM Board'!$B$6:$G$21, "Story ID", "Valid from", "Work done") -> #NAME?
A16: 45949 | B16: =sumValid($A16, 'SCRUM Board'!$B$6:$G$21, "Story ID", "Valid from", "Estimate") -> #NAME? | C16: =sumValid($A16, 'SCRUM Board'!$B$6:$G$21, "Story ID", "Valid from", "Work done") -> #NAME?
A17: 45950 | B17: =sumValid($A17, 'SCRUM Board'!$B$6:$G$21, "Story ID", "Valid from", "Estimate") -> #NAME? | C17: =sumValid($A17, 'SCRUM Board'!$B$6:$G$21, "Story ID", "Valid from", "Work done") -> #NAME?
A18: 45951 | B18: =sumValid($A18, 'SCRUM Board'!$B$6:$G$21, "Story ID", "Valid from", "Estimate") -> #NAME? | C18: =sumValid($A18, 'SCRUM Board'!$B$6:$G$21, "Story ID", "Valid from", "Work done") -> #NAME?
A19: 45952 | B19: =sumValid($A19, 'SCRUM Board'!$B$6:$G$21, "Story ID", "Valid from", "Estimate") -> #NAME? | C19: =sumValid($A19, 'SCRUM Board'!$B$6:$G$21, "Story ID", "Valid from", "Work done") -> #NAME?
A20: 45953 | B20: =sumValid($A20, 'SCRUM Board'!$B$6:$G$21, "Story ID", "Valid from", "Estimate") -> #NAME? | C20: =sumValid($A20, 'SCRUM Board'!$B$6:$G$21, "Story ID", "Valid from", "Work done") -> #NAME?
A21: 45954 | B21: =sumValid($A21, 'SCRUM Board'!$B$6:$G$21, "Story ID", "Valid from", "Estimate") -> #NAME? | C21: =sumValid($A21, 'SCRUM Board'!$B$6:$G$21, "Story ID", "Valid from", "Work done") -> #NAME?
A22: 45955 | B22: =sumValid($A22, 'SCRUM Board'!$B$6:$G$21, "Story ID", "Valid from", "Estimate") -> #NAME? | C22: =sumValid($A22, 'SCRUM Board'!$B$6:$G$21, "Story ID", "Valid from", "Work done") -> #NAME?
A23: 45956 | B23: =sumValid($A23, 'SCRUM Board'!$B$6:$G$21, "Story ID", "Valid from", "Estimate") -> #NAME? | C23: =sumValid($A23, 'SCRUM Board'!$B$6:$G$21, "Story ID", "Valid from", "Work done") -> #NAME?
A24: 45957 | B24: =sumValid($A24, 'SCRUM Board'!$B$6:$G$21, "Story ID", "Valid from", "Estimate") -> #NAME? | C24: =sumValid($A24, 'SCRUM Board'!$B$6:$G$21, "Story ID", "Valid from", "Work done") -> #NAME?

Sheet Burn-up with smarter formulas
A1: This sheet appears identical to the previous one, but there's an important difference.
A2: The sumValid function is used differently. Have a look at cells B11 and C11.
A3: You'll see the first parameter refers not just to one date, but to the whole range of dates.
A4: As a result, all the values below that cell are filled in automatically.
A5: So we just need to worry about two forumulas: in B11 and C11.
A6: As long as they continue to point to all the dates we want to chart, all the numbers will be calculated for us.
A10: Date | B10: Scope | C10: Work done
A11: 45944 | B11: =sumValid($A11:$A24, 'SCRUM Board'!$A$6, "Story ID", "Valid from", "Estimate") -> #NAME? | C11: =sumValid($A11:$A24, 'SCRUM Board'!$A$6:$G$21, "Story ID", "Valid from", "Work done") -> #NAME?
A12: 45945
A13: 45946
A14: 45947
A15: 45948
A16: 45949
A17: 45950
A18: 45951
A19: 45952
A20: 45953
A21: 45954
A22: 45955
A23: 45956
A24: 45957
